{
  "20241208T112324290981": {
    "file_name": "test_6_7.pdf",
    "timestamp": "2024-12-08T11:23:24.290981",
    "total_sections": 0,
    "violation_count": 0,
    "violations": {},
    "vector_store_id": "store_huggingface_bge-m3_20241207_230911"
  },
  "20241208T123825395131": {
    "metadata": {
      "file_name": "test_6_7.pdf",
      "processed_at": "2024-12-08T12:38:25.395131",
      "total_sections": 0,
      "violation_count": 0,
      "vector_store": {
        "id": "store_huggingface_bge-m3_20241207_230911",
        "embedding_model": "BAAI/bge-m3",
        "model_type": "huggingface"
      }
    },
    "violations": {}
  },
  "20241208T124549649104": {
    "metadata": {
      "file_name": "test_6_7.pdf",
      "processed_at": "2024-12-08T12:45:49.649104",
      "total_sections": 14,
      "violation_count": 7,
      "vector_store": {
        "id": "store_huggingface_bge-m3_20241207_230911",
        "embedding_model": "BAAI/bge-m3",
        "model_type": "huggingface"
      }
    },
    "violations": {
      "P0_1": {
        "identifier": "P0_1",
        "section_number": "unknown",
        "page_number": 0,
        "content": "“수급사업자”는 착공 전 및 공정별 공사착수 전 상세공정계획을 검토 후 “원사업자”에게 사전 제출해야 한다. 공사 중 “수급사업자”의 귀책 사유로 인한 공정지연 시에는 “원사업자”는 작업자, 장비 추가 및 돌관 작업을 지시할 수 있으며, “수급사업자”는 정당한 사유가 없는 한 이를 성실하게 수행하여 공정을 만회해야 한다.",
        "analysis": {
          "asis_sentence": "“수급사업자”는 착공 전 및 공정별 공사 착수 전 상세 공정 계획을 검토 후 “원사업자”에게 사전 제출해야 한다. 공사 중 “수급사업자”의 귀책 사유로 인한 공정 지연 시에는 “원사업자”는 작업자, 장비 추가 및 돌관 작업을 지시할 수 있으며, “수급사업자”는 정당한 사유가 없는 한 이를 성실하게 수행하여 공정을 만회해야 한다.",
          "detection_flag": "Y",
          "comments": "부당특약 의심문장으로, 수급사업자의 비귀책 사유에 대한 부분이 보완되어야 함.",
          "tobe_sentence": "“수급사업자”는 착공 전 및 공정별 공사 착수 전 상세 공정 계획을 검토 후 “원사업자”에게 사전 제출해야 한다. 공사 중 “수급사업자”의 귀책 사유로 인한 공정 지연 시에는 “원사업자”는 작업자, 장비 추가 및 돌관 작업을 지시할 수 있으며, “수급사업자”는 정당한 사유가 없는 한 이를 성실하게 수행하여 공정을 만회해야 한다. 단, 수급사업자의 비귀책 사유에 대한 부분은 단서 조항으로 보완해야 한다."
        },
        "timestamp": "2024-12-08T12:45:49.649104"
      },
      "P0_2": {
        "identifier": "P0_2",
        "section_number": "unknown",
        "page_number": 0,
        "content": "“수급사업자”는 작업 전 설계도면 및 현장 현황을 충분히 숙지하고 인접 기반시설 지장물을 확인하여 결과물을 “원사업 자”에게 제출하며, 공사 중 수급사업자의 귀책사유로 인한 기반시설물에 피해가 발생 시 “수급사업자”의 비용으로 신 속하게 조치 후 완료보고서를 “원사업자”에게 제출한다. (공사 전 유관기관 연락 및 입회하 작업 진행)",
        "analysis": {
          "asis_sentence": "“수급사업자”는 작업 전 설계 도면 및 현장 현황을 충분히 숙지하고 인접 기반 시설 지장물을 확인하여 결과물을 “원사업자”에게 제출하며, 공사 중 수급사업자의 귀책 사유로 인한 기반 시설물에 피해가 발생 시 “수급사업자”의 비용으로 신속하게 조치 후 완료 보고서를 “원사업자”에게 제출한다. (공사 전 유관 기관 연락 및 입회하 작업 진행)",
          "detection_flag": "Y",
          "comments": "해당 비용에 대해서 전가하기 위해서는 반드시 수급사업자의 귀책사유가 전제되어야 하며, 그렇지 않을 경우 추가비용을 협의하여 결정하여야 함.",
          "tobe_sentence": "“수급사업자”는 작업 전 설계도면 및 현장현황을 충분히 숙지하고 인접 기반시설 지장물(가공전선, 통신선 및 지중관로)을 확인하여 “을 수급사업자”의 귀책사유로 인하여 기반시설물에 피해가 발생 시 “을 수급사업자”의 비용으로 신속하게 조치 후 완료보고서를 “갑원사업자”에게 제출한다. (공사 전 유관기관 연락 및 입회하 작업 진행)"
        },
        "timestamp": "2024-12-08T12:45:49.649104"
      },
      "P0_3": {
        "identifier": "P0_3",
        "section_number": "unknown",
        "page_number": 0,
        "content": "“수급사업자”의 모든 시공 부위의 실측, 시공Shop DWG 작성 및 제출 비용을 포함하여 견적한다.",
        "analysis": {
          "asis_sentence": "“수급사업자”의 모든 시공 부위의 실측, 시공 Shop DWG 작성 및 제출 비용을 포함하여 견적한다.",
          "detection_flag": "Y",
          "comments": "원사업자가 입찰내역에 없는 사항을 요구함에 따라 발생된 비용을 수급사업자에게 부담시키는 약정",
          "tobe_sentence": "“수급사업자”의 모든 시공 부위의 실측, 시공 Shop DWG 작성 및 제출 비용을 (어느내역에?) 포함하여 견적한다."
        },
        "timestamp": "2024-12-08T12:45:49.649104"
      },
      "P0_4": {
        "identifier": "P0_4",
        "section_number": "unknown",
        "page_number": 0,
        "content": "시공오차를 최소로 관리하여야 하며 “수급사업자”의 귀책사유에 의한 구조적, 시공하자 문제 발생시 구조검토 및 보강 등에 따른 조치(비용 및 재시공)를 “수급사업자”의 부담으로 처리하여야 하며 미 이행, 지연의 경우에는 “원사업자”가 우 선 조치 후 해당금액을 정산시 감액 조치한다.",
        "analysis": {
          "asis_sentence": "시공오차를 최소로 관리하여야 하며 “수급사업자”의 귀책사유에 의한 구조적, 시공하자 문제 발생 시 구조검토 및 보강 등에 따른 조치(비용 및 재시공)를 “수급사업자”의 부담으로 처리하여야 하며 미이행, 지연의 경우에는 “원사업자”가 우선 조치 후 해당 금액을 정산 시 감액 조치한다.",
          "detection_flag": "Y",
          "comments": "수급사업자의 책임 없는 사유로 발생한 비용을 수급사업자에게 부담시키는 약정이 될 수 있음.",
          "tobe_sentence": "시공오차를 최소로 관리하여야 하며 “수급사업자”의 귀책사유에 의한 구조적, 시공하자 문제 발생 시 구조검토 및 보강 등에 따른 조치(비용 및 재시공)를 “수급사업자”의 부담으로 처리하여야 하며 미이행, 지연의 경우에는 “원사업자”가 우선 조치 후 해당 금액을 정산 시 감액 조치한다. (단, 수급사업자의 비귀책 사유에 대한 부분은 단서 조항으로 보완해야 함.)"
        },
        "timestamp": "2024-12-08T12:45:49.649104"
      },
      "P0_5": {
        "identifier": "P0_5",
        "section_number": "unknown",
        "page_number": 0,
        "content": "안전보건 관리",
        "analysis": {
          "asis_sentence": "“을” 은 안전관리비 집행실적을 월별 집계하여, 매월 25일 한“갑” 에게 제출 하며 “갑”은 해당 월 사용 분에 대해서만 제출 받는다. (단, 소급적용은 불인정 한다.)",
          "detection_flag": "Y",
          "comments": "수급사업자의 권리나 이익을 제한하는 약정",
          "tobe_sentence": "“을” 은 안전관리비 집행실적을 월별 집계하여, 매월 25일 한“갑” 에게 제출 하며 “갑”은 해당 월 사용 분을 확인하여 실적 정산하며, 당월 기성 청구 및 정산을 원칙으로 한다."
        },
        "timestamp": "2024-12-08T12:45:49.649104"
      },
      "P0_6": {
        "identifier": "P0_6",
        "section_number": "unknown",
        "page_number": 0,
        "content": "“수급사업자”는 근재보험을 가입하고 사업장에 고용된 근로자가 업무수행 중 불의의 재해를 입을 경우에 사용자 가 부담하여야 할 근로기준법, 산재보험법 및 선원법상의 법정제보상과 민법상 사용자가 추가부담하게 되는 법률 상의 배상책임손해를 보상하도록 한다.",
        "analysis": {
          "asis_sentence": "“수급사업자”는 근재보험을 가입하고 사업장에 고용된 근로자가 업무 수행 중 불의의 재해를 입을 경우에 사용자가 부담하여야 할 근로기준법, 산재보험법 및 선원법상의 법정 제보상과 민법상 사용자가 추가 부담하게 되는 법률상의 배상책임 손해를 보상하도록 한다.",
          "detection_flag": "Y",
          "comments": "원사업자가 부담하여야 할 부분을 수급사업자에게 전가하고 있는지 여부가 문제될 수 있음.",
          "tobe_sentence": "“수급사업자”는 근재보험을 가입하고 사업장에 고용된 근로자가 업무 수행 중 불의의 재해를 입을 경우에 근로기준법, 산재보험법 및 선원법상의 법정 제보상과 민법상 법률상의 배상책임 손해를 보상하도록 한다."
        },
        "timestamp": "2024-12-08T12:45:49.649104"
      },
      "P0_7": {
        "identifier": "P0_7",
        "section_number": "unknown",
        "page_number": 0,
        "content": "“수급사업자”의 대표 또는 임원은 월간 안전보건협의체회의에 월1회 이상 의무 참석해야 하며, 현장소장은 산업 안전보건법에 따른 산업안전보건위원회(법제19조)와 노사협의체 (법제29조)에 사용자측 위원으로서 반드시 참 석해야 한다.",
        "analysis": {
          "asis_sentence": "“수급사업자”의 대표 또는 임원은 월간 안전보건 협의체 회의에 월 1회 이상 의무 참석해야 하며, 현장 소장은 산업안전보건법에 따른 산업안전보건위원회(법 제19조)와 노사 협의체(법 제29조)에 사용자 측 위원으로서 반드시 참석해야 한다.",
          "detection_flag": "Y",
          "comments": "법적 적합성을 검토해야 하는 권고사항이므로, 의무 참석을 강제하는 것은 부당할 수 있습니다.",
          "tobe_sentence": "“수급사업자”의 대표 또는 임원은 월간 안전보건 협의체 회의에 월 1회 이상 참석하도록 권장하며, 현장 소장은 산업안전보건법에 따른 산업안전보건위원회(법 제19조)와 노사 협의체(법 제29조)에 사용자 측 위원으로서 참석하도록 권장한다."
        },
        "timestamp": "2024-12-08T12:45:49.649104"
      }
    }
  },
  "20241208T130805419400": {
    "metadata": {
      "file_name": "test_6_7.pdf",
      "processed_at": "2024-12-08T13:08:05.419400",
      "total_sections": 14,
      "violation_count": 8,
      "vector_store": {
        "id": "store_huggingface_bge-m3_20241207_230911",
        "embedding_model": "BAAI/bge-m3",
        "model_type": "huggingface"
      }
    },
    "violations": {
      "P0_1": {
        "identifier": "P0_1",
        "section_number": "unknown",
        "page_number": 0,
        "content": "“수급사업자”는 착공 전 및 공정별 공사착수 전 상세공정계획을 검토 후 “원사업자”에게 사전 제출해야 한다. 공사 중 “수급사업자”의 귀책 사유로 인한 공정지연 시에는 “원사업자”는 작업자, 장비 추가 및 돌관 작업을 지시할 수 있으며, “수급사업자”는 정당한 사유가 없는 한 이를 성실하게 수행하여 공정을 만회해야 한다.",
        "analysis": {
          "asis_sentence": "“수급사업자”는 착공 전 및 공정별 공사 착수 전 상세 공정 계획을 검토 후 “원사업자”에게 사전 제출해야 한다. 공사 중 “수급사업자”의 귀책 사유로 인한 공정 지연 시에는 “원사업자”는 작업자, 장비 추가 및 돌관 작업을 지시할 수 있으며, “수급사업자”는 정당한 사유가 없는 한 이를 성실하게 수행하여 공정을 만회해야 한다.",
          "detection_flag": "Y",
          "comments": "수급사업자의 귀책 사유로 인한 공정 지연 시 원사업자가 작업자, 장비 추가 및 돌관 작업을 지시할 수 있으며, 수급사업자가 이를 수행해야 한다는 조항은 부당특약으로 의심됨.",
          "tobe_sentence": "“수급사업자”는 착공 전 및 공정별 공사 착수 전 상세 공정 계획을 검토 후 “원사업자”에게 사전 제출해야 한다. 공사 중 “수급사업자”의 귀책 사유로 인한 공정 지연 시에는 “수급사업자”는 만회계획을 제출하고 자체 비용으로 공정지연을 만회하여야 한다."
        },
        "timestamp": "2024-12-08T13:08:05.419400"
      },
      "P0_2": {
        "identifier": "P0_2",
        "section_number": "unknown",
        "page_number": 0,
        "content": "모든 인/허가 업무는 “원사업자”의 담당자와 협의하여 처리한다.",
        "analysis": {
          "asis_sentence": "모든 인허가 업무는 “원사업자”의 담당자와 협의하여 처리한다.",
          "detection_flag": "Y",
          "comments": "관련 법령에 따라 원사업자의 의무사항으로 되어 있는 인•허가, 환경관리 또는 품질관리 등과 관련하여 발생하는 비용을 수급사업자에게 부담시키는 약정",
          "tobe_sentence": "모든 인허가 업무는 “원사업자”의 담당자와 협의하여 처리하며, 이에 발생되는 모든 수수료 및 소요비용은 “관리비 및 이윤”에 포함하여 견적하지 않는다."
        },
        "timestamp": "2024-12-08T13:08:05.419400"
      },
      "P0_3": {
        "identifier": "P0_3",
        "section_number": "unknown",
        "page_number": 0,
        "content": "“수급사업자”는 작업 전 설계도면 및 현장 현황을 충분히 숙지하고 인접 기반시설 지장물을 확인하여 결과물을 “원사업 자”에게 제출하며, 공사 중 수급사업자의 귀책사유로 인한 기반시설물에 피해가 발생 시 “수급사업자”의 비용으로 신 속하게 조치 후 완료보고서를 “원사업자”에게 제출한다. (공사 전 유관기관 연락 및 입회하 작업 진행)",
        "analysis": {
          "asis_sentence": "“수급사업자”는 작업 전 설계 도면 및 현장 현황을 충분히 숙지하고 인접 기반 시설 지장물을 확인하여 결과물을 “원사업자”에게 제출하며, 공사 중 수급사업자의 귀책 사유로 인한 기반 시설물에 피해가 발생 시 “수급사업자”의 비용으로 신속하게 조치 후 완료 보고서를 “원사업자”에게 제출한다. (공사 전 유관 기관 연락 및 입회하 작업 진행)",
          "detection_flag": "Y",
          "comments": "해당 비용에 대해서 전가하기 위해서는 반드시 수급사업자의 귀책사유가 전제되어야 하며, 그렇지 않을 경우 추가비용을 협의하여 결정하여야 함.",
          "tobe_sentence": "“수급사업자”는 작업 전 설계도면 및 현장현황을 충분히 숙지하고 인접 기반시설 지장물(가공전선, 통신선 및 지중관로)을 확인하여 “을 수급사업자”의 귀책사유로 인하여 기반시설물에 피해가 발생 시 “을 수급사업자”의 비용으로 신속하게 조치 후 완료보고서를 “갑원사업자”에게 제출한다. (공사 전 유관기관 연락 및 입회하 작업 진행)"
        },
        "timestamp": "2024-12-08T13:08:05.419400"
      },
      "P0_4": {
        "identifier": "P0_4",
        "section_number": "unknown",
        "page_number": 0,
        "content": "“수급사업자”의 모든 시공 부위의 실측, 시공Shop DWG 작성 및 제출 비용을 포함하여 견적한다.",
        "analysis": {
          "asis_sentence": "“수급사업자”의 모든 시공 부위의 실측, 시공 Shop DWG 작성 및 제출 비용을 포함하여 견적한다.",
          "detection_flag": "Y",
          "comments": "원사업자가 입찰내역에 없는 사항을 요구함에 따라 발생된 비용을 수급사업자에게 부담시키는 약정",
          "tobe_sentence": "“수급사업자”의 모든 시공 부위의 실측, 시공 Shop DWG 작성 및 제출 비용을 (어느내역에?) 포함하여 견적한다."
        },
        "timestamp": "2024-12-08T13:08:05.419400"
      },
      "P0_5": {
        "identifier": "P0_5",
        "section_number": "unknown",
        "page_number": 0,
        "content": "시공오차를 최소로 관리하여야 하며 “수급사업자”의 귀책사유에 의한 구조적, 시공하자 문제 발생시 구조검토 및 보강 등에 따른 조치(비용 및 재시공)를 “수급사업자”의 부담으로 처리하여야 하며 미 이행, 지연의 경우에는 “원사업자”가 우 선 조치 후 해당금액을 정산시 감액 조치한다.",
        "analysis": {
          "asis_sentence": "시공 오차를 최소로 관리하여야 하며 “수급 사업자”의 귀책 사유에 의한 구조적, 시공 하자 문제 발생 시 구조 검토 및 보강 등에 따른 조치(비용 및 재시공)를 “수급 사업자”의 부담으로 처리하여야 하며 미 이행, 지연의 경우에는 “원 사업자”가 우선 조치 후 해당 금액을 정산 시 감액 조치한다.",
          "detection_flag": "Y",
          "comments": "수급사업자의 책임 없는 사유로 발생한 비용을 수급사업자에게 부담시키는 약정이 될 수 있음.",
          "tobe_sentence": "시공 오차를 최소로 관리하여야 하며 “수급 사업자”의 귀책 사유에 의한 구조적, 시공 하자 문제 발생 시 구조 검토 및 보강 등에 따른 조치(비용 및 재시공)를 “수급 사업자”의 부담으로 처리하여야 하며 미 이행, 지연의 경우에는 “원 사업자”가 우선 조치 후 해당 금액을 정산 시 감액 조치한다."
        },
        "timestamp": "2024-12-08T13:08:05.419400"
      },
      "P0_6": {
        "identifier": "P0_6",
        "section_number": "unknown",
        "page_number": 0,
        "content": "안전보건 관리",
        "analysis": {
          "asis_sentence": "“을” 은 안전관리비 집행실적을 월별 집계하여, 매월 25일 한“갑” 에게 제출 하며 “갑”은 해당 월 사용 분에 대해서만 제출 받는다. (단, 소급적용은 불인정 한다.)",
          "detection_flag": "Y",
          "comments": "수급사업자의 권리나 이익을 제한하는 약정",
          "tobe_sentence": "“을” 은 안전관리비 집행실적을 월별 집계하여, 매월 25일 한“갑” 에게 제출 하며 “갑”은 해당 월 사용 분을 확인하여 실적 정산하며, 당월 기성 청구 및 정산을 원칙으로 한다."
        },
        "timestamp": "2024-12-08T13:08:05.419400"
      },
      "P0_7": {
        "identifier": "P0_7",
        "section_number": "unknown",
        "page_number": 0,
        "content": "“수급사업자”는 근재보험을 가입하고 사업장에 고용된 근로자가 업무수행 중 불의의 재해를 입을 경우에 사용자 가 부담하여야 할 근로기준법, 산재보험법 및 선원법상의 법정제보상과 민법상 사용자가 추가부담하게 되는 법률 상의 배상책임손해를 보상하도록 한다.",
        "analysis": {
          "asis_sentence": "“수급사업자”는 근재보험을 가입하고 사업장에 고용된 근로자가 업무 수행 중 불의의 재해를 입을 경우에 사용자가 부담하여야 할 근로기준법, 산재보험법 및 선원법상의 법정 제보상과 민법상 사용자가 추가 부담하게 되는 법률상의 배상 책임 손해를 보상하도록 한다.",
          "detection_flag": "Y",
          "comments": "원사업자가 부담하여야 할 부분을 수급사업자에게 전가하고 있는지 여부가 문제될 수 있음.",
          "tobe_sentence": "“수급사업자”는 근재보험을 가입하고 사업장에 고용된 근로자가 업무 수행 중 불의의 재해를 입을 경우에 근로기준법, 산재보험법 및 선원법상의 법정 제보상과 민법상 법률상의 배상 책임 손해를 보상하도록 한다."
        },
        "timestamp": "2024-12-08T13:08:05.419400"
      },
      "P0_8": {
        "identifier": "P0_8",
        "section_number": "unknown",
        "page_number": 0,
        "content": "“수급사업자”의 대표 또는 임원은 월간 안전보건협의체회의에 월1회 이상 의무 참석해야 하며, 현장소장은 산업 안전보건법에 따른 산업안전보건위원회(법제19조)와 노사협의체 (법제29조)에 사용자측 위원으로서 반드시 참 석해야 한다.",
        "analysis": {
          "asis_sentence": "“수급사업자”의 대표 또는 임원은 월간 안전보건협의체 회의에 월 1회 이상 의무 참석해야 하며, 현장 소장은 산업 안전보건법에 따른 산업안전보건위원회(법 제 19조)와 노사협의체(법 제 29조)에 사용자 측 위원으로서 반드시 참석해야 한다.",
          "detection_flag": "Y",
          "comments": "법적 의무 참석 조항이 부당특약으로 의심됨.",
          "tobe_sentence": "“수급사업자”의 대표 또는 임원은 월간 안전보건협의체 회의에 참석할 수 있으며, 현장 소장은 산업 안전보건법에 따른 산업안전보건위원회와 노사협의체에 사용자 측 위원으로서 참석할 수 있다."
        },
        "timestamp": "2024-12-08T13:08:05.419400"
      }
    }
  },
  "20241208T132818693754": {
    "metadata": {
      "file_name": "test_6_7.pdf",
      "processed_at": "2024-12-08T13:28:18.693754",
      "total_sections": 14,
      "violation_count": 9,
      "vector_store": {
        "id": "store_huggingface_bge-m3_20241207_230911",
        "embedding_model": "BAAI/bge-m3",
        "model_type": "huggingface"
      }
    },
    "violations": {
      "P0_2": {
        "identifier": "P0_2",
        "section_number": "unknown",
        "page_number": 0,
        "content": "“수급사업자”는 착공 전 및 공정별 공사착수 전 상세공정계획을 검토 후 “원사업자”에게 사전 제출해야 한다. 공사 중 “수급사업자”의 귀책 사유로 인한 공정지연 시에는 “원사업자”는 작업자, 장비 추가 및 돌관 작업을 지시할 수 있으며, “수급사업자”는 정당한 사유가 없는 한 이를 성실하게 수행하여 공정을 만회해야 한다.",
        "analysis": {
          "asis_sentence": "“수급사업자”는 착공 전 및 공정별 공사 착수 전 상세 공정 계획을 검토 후 “원사업자”에게 사전 제출해야 한다. 공사 중 “수급사업자”의 귀책 사유로 인한 공정 지연 시에는 “원사업자”는 작업자, 장비 추가 및 돌관 작업을 지시할 수 있으며, “수급사업자”는 정당한 사유가 없는 한 이를 성실하게 수행하여 공정을 만회해야 한다.",
          "detection_flag": "Y",
          "comments": "수급사업자의 귀책 사유로 인한 공정 지연 시 원사업자가 작업자, 장비 추가 및 돌관 작업을 지시할 수 있다는 조항은 부당특약으로 의심됨.",
          "tobe_sentence": "“수급사업자”는 착공 전 및 공정별 공사 착수 전 상세 공정 계획을 검토 후 “원사업자”에게 사전 제출해야 한다. 공사 중 “수급사업자”의 귀책 사유로 인한 공정 지연 시에는 “수급사업자”는 만회계획을 제출하고 자체 비용으로 공정지연을 만회하여야 한다."
        },
        "timestamp": "2024-12-08T13:28:18.693754"
      },
      "P0_3": {
        "identifier": "P0_3",
        "section_number": "unknown",
        "page_number": 0,
        "content": "모든 인/허가 업무는 “원사업자”의 담당자와 협의하여 처리한다.",
        "analysis": {
          "asis_sentence": "모든 인허가 업무는 “원사업자”의 담당자와 협의하여 처리한다.",
          "detection_flag": "Y",
          "comments": "관련 법령에 따라 원사업자의 의무사항으로 되어 있는 인•허가, 환경관리 또는 품질관리 등과 관련하여 발생하는 비용을 수급사업자에게 부담시키는 약정",
          "tobe_sentence": "모든 인허가 업무는 “원사업자”의 담당자와 협의하여 처리하며, 이에 발생되는 모든 수수료 및 소요비용은 원사업자가 부담한다."
        },
        "timestamp": "2024-12-08T13:28:18.693754"
      },
      "P0_6": {
        "identifier": "P0_6",
        "section_number": "unknown",
        "page_number": 0,
        "content": "“수급사업자”는 작업 전 설계도면 및 현장 현황을 충분히 숙지하고 인접 기반시설 지장물을 확인하여 결과물을 “원사업 자”에게 제출하며, 공사 중 수급사업자의 귀책사유로 인한 기반시설물에 피해가 발생 시 “수급사업자”의 비용으로 신 속하게 조치 후 완료보고서를 “원사업자”에게 제출한다. (공사 전 유관기관 연락 및 입회하 작업 진행)",
        "analysis": {
          "asis_sentence": "“수급사업자”는 작업 전 설계 도면 및 현장 현황을 충분히 숙지하고 인접 기반 시설 지장물을 확인하여 결과물을 “원사업자”에게 제출하며, 공사 중 수급사업자의 귀책 사유로 인한 기반 시설물에 피해가 발생 시 “수급사업자”의 비용으로 신속하게 조치 후 완료 보고서를 “원사업자”에게 제출한다. (공사 전 유관 기관 연락 및 입회하 작업 진행)",
          "detection_flag": "Y",
          "comments": "해당 비용에 대해서 전가하기 위해서는 반드시 수급사업자의 귀책사유가 전제되어야 하며, 그렇지 않을 경우 추가비용을 협의하여 결정하여야 함.",
          "tobe_sentence": "“수급사업자”는 작업 전 설계도면 및 현장현황을 충분히 숙지하고 인접 기반시설 지장물(가공전선, 통신선 및 지중관로)을 확인하여 “을 수급사업자”의 귀책사유로 인하여 기반시설물에 피해가 발생 시 “을 수급사업자”의 비용으로 신속하게 조치 후 완료보고서를 “갑원사업자”에게 제출한다. (공사 전 유관기관 연락 및 입회하 작업 진행)"
        },
        "timestamp": "2024-12-08T13:28:18.693754"
      },
      "P0_7": {
        "identifier": "P0_7",
        "section_number": "unknown",
        "page_number": 0,
        "content": "“수급사업자”의 모든 시공 부위의 실측, 시공Shop DWG 작성 및 제출 비용을 포함하여 견적한다.",
        "analysis": {
          "asis_sentence": "“수급사업자”의 모든 시공 부위의 실측, 시공 Shop DWG 작성 및 제출 비용을 포함하여 견적한다.",
          "detection_flag": "Y",
          "comments": "원사업자가 입찰내역에 없는 사항을 요구함에 따라 발생된 비용을 수급사업자에게 부담시키는 약정",
          "tobe_sentence": "“수급사업자”의 모든 시공 부위의 실측, 시공 Shop DWG 작성 및 제출 비용을 (어느내역에?) 포함하여 견적한다."
        },
        "timestamp": "2024-12-08T13:28:18.693754"
      },
      "P0_8": {
        "identifier": "P0_8",
        "section_number": "unknown",
        "page_number": 0,
        "content": "시공오차를 최소로 관리하여야 하며 “수급사업자”의 귀책사유에 의한 구조적, 시공하자 문제 발생시 구조검토 및 보강 등에 따른 조치(비용 및 재시공)를 “수급사업자”의 부담으로 처리하여야 하며 미 이행, 지연의 경우에는 “원사업자”가 우 선 조치 후 해당금액을 정산시 감액 조치한다.",
        "analysis": {
          "asis_sentence": "시공 오차를 최소로 관리하여야 하며 “수급사업자”의 귀책사유에 의한 구조적, 시공 하자 문제 발생 시 구조 검토 및 보강 등에 따른 조치(비용 및 재시공)를 “수급사업자”의 부담으로 처리하여야 하며 미 이행, 지연의 경우에는 “원사업자”가 우선 조치 후 해당 금액을 정산 시 감액 조치한다.",
          "detection_flag": "Y",
          "comments": "수급사업자의 책임 없는 사유로 발생한 비용을 수급사업자에게 부담시키는 약정이 될 수 있음.",
          "tobe_sentence": "시공 오차를 최소로 관리하여야 하며 “수급사업자”의 귀책사유에 의한 구조적, 시공 하자 문제 발생 시 구조 검토 및 보강 등에 따른 조치(비용 및 재시공)를 “수급사업자”의 부담으로 처리하여야 하며 미 이행, 지연의 경우에는 “원사업자”가 우선 조치 후 해당 금액을 정산 시 감액 조치한다. (단, 수급사업자의 귀책사유에 한함)"
        },
        "timestamp": "2024-12-08T13:28:18.693754"
      },
      "P0_9": {
        "identifier": "P0_9",
        "section_number": "unknown",
        "page_number": 0,
        "content": "안전보건 관리",
        "analysis": {
          "asis_sentence": "“을” 은 안전관리비 집행실적을 월별 집계하여, 매월 25일 한“갑” 에게 제출 하며 “갑”은 해당 월 사용 분에 대해서만 제출 받는다. (단, 소급적용은 불인정 한다.)",
          "detection_flag": "Y",
          "comments": "수급사업자의 권리나 이익을 제한하는 약정",
          "tobe_sentence": "“을” 은 안전관리비 집행실적을 월별 집계하여, 매월 25일 한“갑” 에게 제출 하며 “갑”은 해당 월 사용 분을 확인하여 실적 정산하며, 당월 기성 청구 및 정산을 원칙으로 한다."
        },
        "timestamp": "2024-12-08T13:28:18.693754"
      },
      "P0_10": {
        "identifier": "P0_10",
        "section_number": "unknown",
        "page_number": 0,
        "content": "안전경영 일반사항",
        "analysis": {
          "asis_sentence": "5.5.2 건설업 산업안전보건관리비(이하 “안전관리비”라 한다) 집행 3) “을” 은 안전관리비 집행실적을 월별 집계하여, 매월 25일 한“갑” 에게 제출 하며 “갑”은 해당 월 사용 분에 대해서만 제출 받는다. (단, 소급적용은 불인정 한다.)",
          "detection_flag": "Y",
          "comments": "수급사업자의 권리나 이익을 제한하는 약정",
          "tobe_sentence": "5.5.2 건설업 산업안전보건관리비(이하 “안전관리비”라 한다) 집행 3) “을” 은 안전관리비 집행실적을 월별 집계하여, 매월 25일 한“갑” 에게 제출 하며 “갑”은 해당 월 사용 분을 확인하여 실적 정산하며, 당월 기성 청구 및 정산을 원칙으로 한다."
        },
        "timestamp": "2024-12-08T13:28:18.693754"
      },
      "P0_12": {
        "identifier": "P0_12",
        "section_number": "unknown",
        "page_number": 0,
        "content": "“수급사업자”는 근재보험을 가입하고 사업장에 고용된 근로자가 업무수행 중 불의의 재해를 입을 경우에 사용자 가 부담하여야 할 근로기준법, 산재보험법 및 선원법상의 법정제보상과 민법상 사용자가 추가부담하게 되는 법률 상의 배상책임손해를 보상하도록 한다.",
        "analysis": {
          "asis_sentence": "“수급사업자”는 근재보험을 가입하고 사업장에 고용된 근로자가 업무 수행 중 불의의 재해를 입을 경우에 사용자가 부담하여야 할 근로기준법, 산재보험법 및 선원법상의 법정 제보상과 민법상 사용자가 추가 부담하게 되는 법률상의 배상책임 손해를 보상하도록 한다.",
          "detection_flag": "Y",
          "comments": "원사업자가 부담하여야 할 부분을 수급사업자에게 전가하고 있는지 여부가 문제될 수 있음.",
          "tobe_sentence": "“수급사업자”는 근재보험을 가입하고 사업장에 고용된 근로자가 업무 수행 중 불의의 재해를 입을 경우에 근로기준법, 산재보험법 및 선원법상의 법정 제보상과 민법상 법률상의 배상책임 손해를 보상하도록 한다."
        },
        "timestamp": "2024-12-08T13:28:18.693754"
      },
      "P0_14": {
        "identifier": "P0_14",
        "section_number": "unknown",
        "page_number": 0,
        "content": "“수급사업자”의 대표 또는 임원은 월간 안전보건협의체회의에 월1회 이상 의무 참석해야 하며, 현장소장은 산업 안전보건법에 따른 산업안전보건위원회(법제19조)와 노사협의체 (법제29조)에 사용자측 위원으로서 반드시 참 석해야 한다.",
        "analysis": {
          "asis_sentence": "“수급사업자”의 대표 또는 임원은 월간 안전보건협의체 회의에 월 1회 이상 의무 참석해야 하며, 현장 소장은 산업 안전보건법에 따른 산업안전보건위원회(법 제19조)와 노사협의체(법 제29조)에 사용자 측 위원으로서 반드시 참석해야 한다.",
          "detection_flag": "Y",
          "comments": "법적 의무 참석 조항이 수급사업자의 권리나 이익을 제한할 수 있음.",
          "tobe_sentence": "“수급사업자”의 대표 또는 임원은 월간 안전보건협의체 회의에 월 1회 이상 참석하도록 권장하며, 현장 소장은 산업 안전보건법에 따른 산업안전보건위원회(법 제19조)와 노사협의체(법 제29조)에 사용자 측 위원으로서 참석하도록 권장한다."
        },
        "timestamp": "2024-12-08T13:28:18.693754"
      }
    }
  },
  "20241208T134600084954": {
    "metadata": {
      "file_name": "test_6_7.pdf",
      "processed_at": "2024-12-08T13:46:00.084954",
      "total_sections": 14,
      "violation_count": 9,
      "vector_store": {
        "id": "store_huggingface_bge-m3_20241207_230911",
        "embedding_model": "BAAI/bge-m3",
        "model_type": "huggingface"
      }
    },
    "violations": {
      "P1_2": {
        "identifier": "P1_2",
        "section_number": "unknown",
        "page_number": 0,
        "content": "“수급사업자”는 착공 전 및 공정별 공사착수 전 상세공정계획을 검토 후 “원사업자”에게 사전 제출해야 한다. 공사 중 “수급사업자”의 귀책 사유로 인한 공정지연 시에는 “원사업자”는 작업자, 장비 추가 및 돌관 작업을 지시할 수 있으며, “수급사업자”는 정당한 사유가 없는 한 이를 성실하게 수행하여 공정을 만회해야 한다.",
        "analysis": {
          "asis_sentence": "“수급사업자”는 착공 전 및 공정별 공사 착수 전 상세 공정 계획을 검토 후 “원사업자”에게 사전 제출해야 한다. 공사 중 “수급사업자”의 귀책 사유로 인한 공정 지연 시에는 “원사업자”는 작업자, 장비 추가 및 돌관 작업을 지시할 수 있으며, “수급사업자”는 정당한 사유가 없는 한 이를 성실하게 수행하여 공정을 만회해야 한다.",
          "detection_flag": "Y",
          "comments": "부당특약 의심문장으로, 수급사업자의 귀책 사유로 인한 공정 지연 시 원사업자가 작업자, 장비 추가 및 돌관 작업을 지시할 수 있다는 조항이 법적 적합성을 검토해야 할 사항으로 보입니다.",
          "tobe_sentence": "“수급사업자”는 착공 전 및 공정별 공사 착수 전 상세 공정 계획을 검토 후 “원사업자”에게 사전 제출해야 한다. 공사 중 “수급사업자”의 귀책 사유로 인한 공정 지연 시에는 “수급사업자”는 만회계획을 제출하고 자체 비용으로 공정지연을 만회하여야 한다."
        },
        "timestamp": "2024-12-08T13:46:00.084954"
      },
      "P1_3": {
        "identifier": "P1_3",
        "section_number": "unknown",
        "page_number": 0,
        "content": "모든 인/허가 업무는 “원사업자”의 담당자와 협의하여 처리한다.",
        "analysis": {
          "asis_sentence": "모든 인허가 업무는 “원사업자”의 담당자와 협의하여 처리한다.",
          "detection_flag": "Y",
          "comments": "관련 법령에 따라 원사업자의 의무사항으로 되어 있는 인•허가, 환경관리 또는 품질관리 등과 관련하여 발생하는 비용을 수급사업자에게 부담시키는 약정",
          "tobe_sentence": "모든 인허가 업무는 “원사업자”의 담당자와 협의하여 처리하며, 이에 발생되는 모든 수수료 및 소요비용은 “관리비 및 이윤”에 포함하여 견적하지 않는다."
        },
        "timestamp": "2024-12-08T13:46:00.084954"
      },
      "P1_6": {
        "identifier": "P1_6",
        "section_number": "unknown",
        "page_number": 0,
        "content": "“수급사업자”는 작업 전 설계도면 및 현장 현황을 충분히 숙지하고 인접 기반시설 지장물을 확인하여 결과물을 “원사업 자”에게 제출하며, 공사 중 수급사업자의 귀책사유로 인한 기반시설물에 피해가 발생 시 “수급사업자”의 비용으로 신 속하게 조치 후 완료보고서를 “원사업자”에게 제출한다. (공사 전 유관기관 연락 및 입회하 작업 진행)",
        "analysis": {
          "asis_sentence": "“수급사업자”는 작업 전 설계 도면 및 현장 현황을 충분히 숙지하고 인접 기반 시설 지장물을 확인하여 결과물을 “원사업자”에게 제출하며, 공사 중 수급사업자의 귀책 사유로 인한 기반 시설물에 피해가 발생 시 “수급사업자”의 비용으로 신속하게 조치 후 완료 보고서를 “원사업자”에게 제출한다. (공사 전 유관 기관 연락 및 입회 하 작업 진행)",
          "detection_flag": "Y",
          "comments": "해당 비용에 대해서 전가하기 위해서는 반드시 수급사업자의 귀책사유가 전제되어야 하며, 그렇지 않을 경우 추가비용을 협의하여 결정하여야 함.",
          "tobe_sentence": "“수급사업자”는 작업 전 설계도면 및 현장현황을 충분히 숙지하고 인접 기반시설 지장물(가공전선, 통신선 및 지중관로)을 확인하여 “을 수급사업자”의 귀책사유로 인하여 기반시설물에 피해가 발생 시 “을 수급사업자”의 비용으로 신속하게 조치 후 완료보고서를 “갑원사업자”에게 제출한다. (공사 전 유관기관 연락 및 입회하 작업 진행)"
        },
        "timestamp": "2024-12-08T13:46:00.084954"
      },
      "P1_7": {
        "identifier": "P1_7",
        "section_number": "unknown",
        "page_number": 0,
        "content": "“수급사업자”의 모든 시공 부위의 실측, 시공Shop DWG 작성 및 제출 비용을 포함하여 견적한다.",
        "analysis": {
          "asis_sentence": "“수급사업자”의 모든 시공 부위의 실측, 시공 Shop DWG 작성 및 제출 비용을 포함하여 견적한다.",
          "detection_flag": "Y",
          "comments": "원사업자가 입찰내역에 없는 사항을 요구함에 따라 발생된 비용을 수급사업자에게 부담시키는 약정",
          "tobe_sentence": "“수급사업자”의 모든 시공 부위의 실측, 시공 Shop DWG 작성 및 제출 비용을 (어느내역에?) 포함하여 견적한다."
        },
        "timestamp": "2024-12-08T13:46:00.084954"
      },
      "P1_8": {
        "identifier": "P1_8",
        "section_number": "unknown",
        "page_number": 0,
        "content": "시공오차를 최소로 관리하여야 하며 “수급사업자”의 귀책사유에 의한 구조적, 시공하자 문제 발생시 구조검토 및 보강 등에 따른 조치(비용 및 재시공)를 “수급사업자”의 부담으로 처리하여야 하며 미 이행, 지연의 경우에는 “원사업자”가 우 선 조치 후 해당금액을 정산시 감액 조치한다.",
        "analysis": {
          "asis_sentence": "시공 오차를 최소로 관리하여야 하며 “수급사업자”의 귀책사유에 의한 구조적, 시공 하자 문제 발생 시 구조 검토 및 보강 등에 따른 조치(비용 및 재시공)를 “수급사업자”의 부담으로 처리하여야 하며 미 이행, 지연의 경우에는 “원사업자”가 우선 조치 후 해당 금액을 정산 시 감액 조치한다.",
          "detection_flag": "Y",
          "comments": "수급사업자의 책임 없는 사유로 발생한 비용을 수급사업자에게 부담시키는 약정이 될 수 있음.",
          "tobe_sentence": "시공 오차를 최소로 관리하여야 하며 “수급사업자”의 귀책사유에 의한 구조적, 시공 하자 문제 발생 시 구조 검토 및 보강 등에 따른 조치(비용 및 재시공)를 “수급사업자”의 부담으로 처리하여야 하며 미 이행, 지연의 경우에는 “원사업자”가 우선 조치 후 해당 금액을 정산 시 감액 조치한다. (단, 수급사업자의 귀책사유에 한함)"
        },
        "timestamp": "2024-12-08T13:46:00.084954"
      },
      "P1_9": {
        "identifier": "P1_9",
        "section_number": "unknown",
        "page_number": 0,
        "content": "안전보건 관리",
        "analysis": {
          "asis_sentence": "“을” 은 안전관리비 집행실적을 월별 집계하여, 매월 25일 한“갑” 에게 제출 하며 “갑”은 해당 월 사용 분에 대해서만 제출 받는다. (단, 소급적용은 불인정 한다.)",
          "detection_flag": "Y",
          "comments": "수급사업자의 권리나 이익을 제한하는 약정",
          "tobe_sentence": "“을” 은 안전관리비 집행실적을 월별 집계하여, 매월 25일 한“갑” 에게 제출 하며 “갑”은 해당 월 사용 분을 확인하여 실적 정산하며, 당월 기성 청구 및 정산을 원칙으로 한다."
        },
        "timestamp": "2024-12-08T13:46:00.084954"
      },
      "P1_10": {
        "identifier": "P1_10",
        "section_number": "unknown",
        "page_number": 0,
        "content": "안전경영 일반사항",
        "analysis": {
          "asis_sentence": "“을” 은 안전관리비 집행실적을 월별 집계하여, 매월 25일 한“갑” 에게 제출 하며 “갑”은 해당 월 사용 분에 대해서만 제출 받는다. (단, 소급적용은 불인정 한다.)",
          "detection_flag": "Y",
          "comments": "수급사업자의 권리나 이익을 제한하는 약정",
          "tobe_sentence": "“을” 은 안전관리비 집행실적을 월별 집계하여, 매월 25일 한“갑” 에게 제출 하며 “갑”은 해당 월 사용 분을 확인하여 실적 정산하며, 당월 기성 청구 및 정산을 원칙으로 한다."
        },
        "timestamp": "2024-12-08T13:46:00.084954"
      },
      "P1_12": {
        "identifier": "P1_12",
        "section_number": "unknown",
        "page_number": 0,
        "content": "“수급사업자”는 근재보험을 가입하고 사업장에 고용된 근로자가 업무수행 중 불의의 재해를 입을 경우에 사용자 가 부담하여야 할 근로기준법, 산재보험법 및 선원법상의 법정제보상과 민법상 사용자가 추가부담하게 되는 법률 상의 배상책임손해를 보상하도록 한다.",
        "analysis": {
          "asis_sentence": "“수급사업자”는 근재 보험을 가입하고 사업장에 고용된 근로자가 업무 수행 중 불의의 재해를 입을 경우에 사용자가 부담하여야 할 근로 기준법, 산재 보험법 및 선원법상의 법정 제보상과 민법상 사용자가 추가 부담하게 되는 법률상의 배상 책임 손해를 보상하도록 한다.",
          "detection_flag": "Y",
          "comments": "원사업자가 부담하여야 할 부분을 수급사업자에게 전가하고 있는지 여부가 문제될 수 있음.",
          "tobe_sentence": "“수급사업자”는 근재 보험을 가입하고 사업장에 고용된 근로자가 업무 수행 중 불의의 재해를 입을 경우에 수급사업자가 부담하여야 할 법률상의 배상 책임 손해를 보상하도록 한다."
        },
        "timestamp": "2024-12-08T13:46:00.084954"
      },
      "P1_14": {
        "identifier": "P1_14",
        "section_number": "unknown",
        "page_number": 0,
        "content": "“수급사업자”의 대표 또는 임원은 월간 안전보건협의체회의에 월1회 이상 의무 참석해야 하며, 현장소장은 산업 안전보건법에 따른 산업안전보건위원회(법제19조)와 노사협의체 (법제29조)에 사용자측 위원으로서 반드시 참 석해야 한다.",
        "analysis": {
          "asis_sentence": "“수급사업자”의 대표 또는 임원은 월간 안전보건 협의체 회의에 월 1회 이상 의무 참석해야 하며, 현장 소장은 산업 안전보건법에 따른 산업안전보건위원회(법 제19조)와 노사 협의체(법 제29조)에 사용자 측 위원으로서 반드시 참석해야 한다.",
          "detection_flag": "Y",
          "comments": "법적 적합성을 검토해야 하며, 수급사업자의 권리나 이익을 제한하는 약정일 수 있음.",
          "tobe_sentence": "“수급사업자”는 월 1회 월간 안전보건협의체 회의 시 대표(임원이상 참석, 위임장 지참)가 참석하여야 하며, 현장 안전 점검 및 근로자 안전교육을 실시한 후 그 결과를 “갑” 원사업자에게 보고토록 한다."
        },
        "timestamp": "2024-12-08T13:46:00.084954"
      }
    }
  },
  "20241208T135423718813": {
    "metadata": {
      "file_name": "test_6_7.pdf",
      "processed_at": "2024-12-08T13:54:23.718813",
      "total_sections": 14,
      "violation_count": 8,
      "vector_store": {
        "id": "store_huggingface_bge-m3_20241207_230911",
        "embedding_model": "BAAI/bge-m3",
        "model_type": "huggingface"
      }
    },
    "violations": {
      "P1_2": {
        "identifier": "P1_2",
        "section_number": "unknown",
        "page_number": 0,
        "content": "“수급사업자”는 착공 전 및 공정별 공사착수 전 상세공정계획을 검토 후 “원사업자”에게 사전 제출해야 한다. 공사 중 “수급사업자”의 귀책 사유로 인한 공정지연 시에는 “원사업자”는 작업자, 장비 추가 및 돌관 작업을 지시할 수 있으며, “수급사업자”는 정당한 사유가 없는 한 이를 성실하게 수행하여 공정을 만회해야 한다.",
        "analysis": {
          "asis_sentence": "“수급사업자”는 착공 전 및 공정별 공사 착수 전 상세 공정 계획을 검토 후 “원사업자”에게 사전 제출해야 한다. 공사 중 “수급사업자”의 귀책 사유로 인한 공정 지연 시에는 “원사업자”는 작업자, 장비 추가 및 돌관 작업을 지시할 수 있으며, “수급사업자”는 정당한 사유가 없는 한 이를 성실하게 수행하여 공정을 만회해야 한다.",
          "detection_flag": "Y",
          "comments": "위반문장일때 위반인 이유",
          "tobe_sentence": "“수급사업자”는 착공 전 및 공정별 공사 착수 전 상세 공정 계획을 검토 후 “원사업자”에게 사전 제출해야 한다. 공사 중 “수급사업자”의 귀책 사유로 인한 공정 지연 시에는 “원사업자”는 작업자, 장비 추가 및 돌관 작업을 지시할 수 있으며, “수급사업자”는 특별한 사유가 없는 한 이를 수행하여야 한다."
        },
        "timestamp": "2024-12-08T13:54:23.718813"
      },
      "P1_3": {
        "identifier": "P1_3",
        "section_number": "unknown",
        "page_number": 0,
        "content": "모든 인/허가 업무는 “원사업자”의 담당자와 협의하여 처리한다.",
        "analysis": {
          "asis_sentence": "모든 인허가 업무는 “원사업자”의 담당자와 협의하여 처리한다.",
          "detection_flag": "Y",
          "comments": "관련 법령에 따라 원사업자의 의무사항으로 되어 있는 인•허가, 환경관리 또는 품질관리 등과 관련하여 발생하는 비용을 수급사업자에게 부담시키는 약정",
          "tobe_sentence": "모든 인허가 업무는 “원사업자”의 담당자와 협의하여 처리하며, 이에 발생되는 모든 수수료 및 소요비용은 원사업자가 부담한다."
        },
        "timestamp": "2024-12-08T13:54:23.718813"
      },
      "P1_6": {
        "identifier": "P1_6",
        "section_number": "unknown",
        "page_number": 0,
        "content": "“수급사업자”는 작업 전 설계도면 및 현장 현황을 충분히 숙지하고 인접 기반시설 지장물을 확인하여 결과물을 “원사업 자”에게 제출하며, 공사 중 수급사업자의 귀책사유로 인한 기반시설물에 피해가 발생 시 “수급사업자”의 비용으로 신 속하게 조치 후 완료보고서를 “원사업자”에게 제출한다. (공사 전 유관기관 연락 및 입회하 작업 진행)",
        "analysis": {
          "asis_sentence": "“수급사업자”는 작업 전 설계 도면 및 현장 현황을 충분히 숙지하고 인접 기반 시설 지장물을 확인하여 결과물을 “원사업자”에게 제출하며, 공사 중 수급사업자의 귀책 사유로 인한 기반 시설물에 피해가 발생 시 “수급사업자”의 비용으로 신속하게 조치 후 완료 보고서를 “원사업자”에게 제출한다. (공사 전 유관 기관 연락 및 입회하 작업 진행)",
          "detection_flag": "Y",
          "comments": "해당 비용에 대해서 전가하기 위해서는 반드시 수급사업자의 귀책사유가 전제되어야 하며, 그렇지 않을 경우 추가비용을 협의하여 결정하여야 함.",
          "tobe_sentence": "“수급사업자”는 작업 전 설계도면 및 현장현황을 충분히 숙지하고 인접 기반시설 지장물(가공전선, 통신선 및 지중관로)을 확인하여 “을 수급사업자”의 귀책사유로 인하여 기반시설물에 피해가 발생 시 “을 수급사업자”의 비용으로 신속하게 조치 후 완료보고서를 “갑원사업자”에게 제출한다. (공사 전 유관기관 연락 및 입회하 작업 진행)"
        },
        "timestamp": "2024-12-08T13:54:23.718813"
      },
      "P1_7": {
        "identifier": "P1_7",
        "section_number": "unknown",
        "page_number": 0,
        "content": "“수급사업자”의 모든 시공 부위의 실측, 시공Shop DWG 작성 및 제출 비용을 포함하여 견적한다.",
        "analysis": {
          "asis_sentence": "“수급사업자”의 모든 시공 부위의 실측, 시공 Shop DWG 작성 및 제출 비용을 포함하여 견적한다.",
          "detection_flag": "Y",
          "comments": "원사업자가 입찰내역에 없는 사항을 요구함에 따라 발생된 비용을 수급사업자에게 부담시키는 약정",
          "tobe_sentence": "“수급사업자”의 모든 시공 부위의 실측, 시공 Shop DWG 작성 및 제출 비용을 (어느내역에?) 포함하여 견적한다."
        },
        "timestamp": "2024-12-08T13:54:23.718813"
      },
      "P1_8": {
        "identifier": "P1_8",
        "section_number": "unknown",
        "page_number": 0,
        "content": "시공오차를 최소로 관리하여야 하며 “수급사업자”의 귀책사유에 의한 구조적, 시공하자 문제 발생시 구조검토 및 보강 등에 따른 조치(비용 및 재시공)를 “수급사업자”의 부담으로 처리하여야 하며 미 이행, 지연의 경우에는 “원사업자”가 우 선 조치 후 해당금액을 정산시 감액 조치한다.",
        "analysis": {
          "asis_sentence": "시공 오차를 최소로 관리하여야 하며 “수급 사업자”의 귀책 사유에 의한 구조적, 시공 하자 문제 발생 시 구조 검토 및 보강 등에 따른 조치(비용 및 재시공)를 “수급 사업자”의 부담으로 처리하여야 하며 미 이행, 지연의 경우에는 “원 사업자”가 우선 조치 후 해당 금액을 정산 시 감액 조치한다.",
          "detection_flag": "Y",
          "comments": "수급사업자의 책임 없는 사유로 발생한 비용을 수급사업자에게 부담시키는 약정이 될 수 있음.",
          "tobe_sentence": "시공 오차를 최소로 관리하여야 하며 “수급 사업자”의 귀책 사유에 의한 구조적, 시공 하자 문제 발생 시 구조 검토 및 보강 등에 따른 조치(비용 및 재시공)를 “수급 사업자”의 부담으로 처리하여야 하며 미 이행, 지연의 경우에는 “원 사업자”가 우선 조치 후 해당 금액을 정산 시 감액 조치한다. (수급사업자의 귀책에 따른 경우에 한함)"
        },
        "timestamp": "2024-12-08T13:54:23.718813"
      },
      "P1_9": {
        "identifier": "P1_9",
        "section_number": "unknown",
        "page_number": 0,
        "content": "안전보건 관리",
        "analysis": {
          "asis_sentence": "“을” 은 안전관리비 집행실적을 월별 집계하여, 매월 25일 한“갑” 에게 제출 하며 “갑”은 해당 월 사용 분에 대해서만 제출 받는다. (단, 소급적용은 불인정 한다.)",
          "detection_flag": "Y",
          "comments": "수급사업자의 권리나 이익을 제한하는 약정",
          "tobe_sentence": "“을” 은 안전관리비 집행실적을 월별 집계하여, 매월 25일 한“갑” 에게 제출 하며 “갑”은 해당 월 사용 분을 확인하여 실적 정산하며, 당월 기성 청구 및 정산을 원칙으로 한다."
        },
        "timestamp": "2024-12-08T13:54:23.718813"
      },
      "P1_12": {
        "identifier": "P1_12",
        "section_number": "unknown",
        "page_number": 0,
        "content": "“수급사업자”는 근재보험을 가입하고 사업장에 고용된 근로자가 업무수행 중 불의의 재해를 입을 경우에 사용자 가 부담하여야 할 근로기준법, 산재보험법 및 선원법상의 법정제보상과 민법상 사용자가 추가부담하게 되는 법률 상의 배상책임손해를 보상하도록 한다.",
        "analysis": {
          "asis_sentence": "“수급사업자”는 근재보험을 가입하고 사업장에 고용된 근로자가 업무 수행 중 불의의 재해를 입을 경우에 사용자가 부담하여야 할 근로기준법, 산재보험법 및 선원법상의 법정 제보상과 민법상 사용자가 추가 부담하게 되는 법률상의 배상 책임 손해를 보상하도록 한다.",
          "detection_flag": "Y",
          "comments": "원사업자가 부담하여야 할 부분을 수급사업자에게 전가하고 있는지 여부가 문제될 수 있음.",
          "tobe_sentence": "“수급사업자”는 근재보험을 가입하고 사업장에 고용된 근로자가 업무 수행 중 불의의 재해를 입을 경우에 근로기준법, 산재보험법 및 선원법상의 법정 제보상과 민법상 법률상의 배상 책임 손해를 보상하도록 한다."
        },
        "timestamp": "2024-12-08T13:54:23.718813"
      },
      "P1_14": {
        "identifier": "P1_14",
        "section_number": "unknown",
        "page_number": 0,
        "content": "“수급사업자”의 대표 또는 임원은 월간 안전보건협의체회의에 월1회 이상 의무 참석해야 하며, 현장소장은 산업 안전보건법에 따른 산업안전보건위원회(법제19조)와 노사협의체 (법제29조)에 사용자측 위원으로서 반드시 참 석해야 한다.",
        "analysis": {
          "asis_sentence": "“수급사업자”의 대표 또는 임원은 월간 안전보건협의체 회의에 월 1회 이상 의무 참석해야 하며, 현장 소장은 산업 안전보건법에 따른 산업안전보건위원회(법 제19조)와 노사협의체(법 제29조)에 사용자 측 위원으로서 반드시 참석해야 한다.",
          "detection_flag": "Y",
          "comments": "법적 의무 참석 조항이 수급사업자의 권리나 이익을 제한할 수 있음.",
          "tobe_sentence": "“수급사업자”의 대표 또는 임원은 월간 안전보건협의체 회의에 월 1회 이상 참석하도록 권장하며, 현장 소장은 산업 안전보건법에 따른 산업안전보건위원회(법 제19조)와 노사협의체(법 제29조)에 사용자 측 위원으로서 참석하도록 권장한다."
        },
        "timestamp": "2024-12-08T13:54:23.718813"
      }
    }
  },
  "20241208T140514294031": {
    "metadata": {
      "file_name": "test_6_7.pdf",
      "processed_at": "2024-12-08T14:05:14.294031",
      "total_sections": 0,
      "violation_count": 0,
      "vector_store": {
        "id": "store_huggingface_bge-m3_20241207_230911",
        "embedding_model": "BAAI/bge-m3",
        "model_type": "huggingface"
      }
    },
    "violations": {}
  },
  "20241208T142748747249": {
    "metadata": {
      "file_name": "test_6_7.pdf",
      "processed_at": "2024-12-08T14:27:48.747249",
      "total_sections": 14,
      "violation_count": 9,
      "vector_store": {
        "id": "store_huggingface_bge-m3_20241207_230911",
        "embedding_model": "BAAI/bge-m3",
        "model_type": "huggingface"
      }
    },
    "violations": {
      "P1_2": {
        "identifier": "P1_2",
        "section_number": "unknown",
        "page_number": 0,
        "content": "“수급사업자”는 착공 전 및 공정별 공사착수 전 상세공정계획을 검토 후 “원사업자”에게 사전 제출해야 한다. 공사 중 “수급사업자”의 귀책 사유로 인한 공정지연 시에는 “원사업자”는 작업자, 장비 추가 및 돌관 작업을 지시할 수 있으며, “수급사업자”는 정당한 사유가 없는 한 이를 성실하게 수행하여 공정을 만회해야 한다.",
        "analysis": {
          "asis_sentence": "“수급사업자”는 착공 전 및 공정별 공사 착수 전 상세 공정 계획을 검토 후 “원사업자”에게 사전 제출해야 한다. 공사 중 “수급사업자”의 귀책 사유로 인한 공정 지연 시에는 “원사업자”는 작업자, 장비 추가 및 돌관 작업을 지시할 수 있으며, “수급사업자”는 정당한 사유가 없는 한 이를 성실하게 수행하여 공정을 만회해야 한다.",
          "detection_flag": "Y",
          "comments": "부당특약 의심문장으로, 수급사업자의 비귀책 사유에 대한 부분이 보완되어야 함.",
          "tobe_sentence": "“수급사업자”는 착공 전 및 공정별 공사 착수 전 상세 공정 계획을 검토 후 “원사업자”에게 사전 제출해야 한다. 공사 중 “수급사업자”의 귀책 사유로 인한 공정 지연 시에는 “원사업자”는 작업자, 장비 추가 및 돌관 작업을 지시할 수 있으며, “수급사업자”는 정당한 사유가 없는 한 이를 성실하게 수행하여 공정을 만회해야 한다. 단, 수급사업자의 비귀책 사유에 대한 부분은 단서 조항으로 보완해야 한다."
        },
        "timestamp": "2024-12-08T14:27:48.747249"
      },
      "P1_3": {
        "identifier": "P1_3",
        "section_number": "unknown",
        "page_number": 0,
        "content": "모든 인/허가 업무는 “원사업자”의 담당자와 협의하여 처리한다.",
        "analysis": {
          "asis_sentence": "모든 인허가 업무는 “원사업자”의 담당자와 협의하여 처리한다.",
          "detection_flag": "Y",
          "comments": "관련 법령에 따라 원사업자의 의무사항으로 되어 있는 인•허가, 환경관리 또는 품질관리 등과 관련하여 발생하는 비용을 수급사업자에게 부담시키는 약정",
          "tobe_sentence": "모든 인허가 업무는 “원사업자”의 담당자와 협의하여 처리하며, 이에 발생되는 모든 수수료 및 소요비용은 원사업자가 부담한다."
        },
        "timestamp": "2024-12-08T14:27:48.747249"
      },
      "P1_6": {
        "identifier": "P1_6",
        "section_number": "unknown",
        "page_number": 0,
        "content": "“수급사업자”는 작업 전 설계도면 및 현장 현황을 충분히 숙지하고 인접 기반시설 지장물을 확인하여 결과물을 “원사업 자”에게 제출하며, 공사 중 수급사업자의 귀책사유로 인한 기반시설물에 피해가 발생 시 “수급사업자”의 비용으로 신 속하게 조치 후 완료보고서를 “원사업자”에게 제출한다. (공사 전 유관기관 연락 및 입회하 작업 진행)",
        "analysis": {
          "asis_sentence": "“수급사업자”는 작업 전 설계 도면 및 현장 현황을 충분히 숙지하고 인접 기반 시설 지장물을 확인하여 결과물을 “원사업자”에게 제출하며, 공사 중 수급사업자의 귀책 사유로 인한 기반 시설물에 피해가 발생 시 “수급사업자”의 비용으로 신속하게 조치 후 완료 보고서를 “원사업자”에게 제출한다. (공사 전 유관 기관 연락 및 입회하 작업 진행)",
          "detection_flag": "Y",
          "comments": "해당 비용에 대해서 전가하기 위해서는 반드시 수급사업자의 귀책사유가 전제되어야 하며, 그렇지 않을 경우 추가비용을 협의하여 결정하여야 함.",
          "tobe_sentence": "“수급사업자”는 작업 전 설계 도면 및 현장 현황을 충분히 숙지하고 인접 기반 시설 지장물을 확인하여 “수급사업자”의 귀책사유로 인하여 기반 시설물에 피해가 발생 시 “수급사업자”의 비용으로 신속하게 조치 후 완료 보고서를 “원사업자”에게 제출한다. (공사 전 유관 기관 연락 및 입회하 작업 진행)"
        },
        "timestamp": "2024-12-08T14:27:48.747249"
      },
      "P1_7": {
        "identifier": "P1_7",
        "section_number": "unknown",
        "page_number": 0,
        "content": "“수급사업자”의 모든 시공 부위의 실측, 시공Shop DWG 작성 및 제출 비용을 포함하여 견적한다.",
        "analysis": {
          "asis_sentence": "“수급사업자”의 모든 시공 부위의 실측, 시공 Shop DWG 작성 및 제출 비용을 포함하여 견적한다.",
          "detection_flag": "Y",
          "comments": "원사업자가 입찰내역에 없는 사항을 요구함에 따라 발생된 비용을 수급사업자에게 부담시키는 약정",
          "tobe_sentence": "“수급사업자”의 모든 시공 부위의 실측, 시공 Shop DWG 작성 및 제출 비용을 (어느내역에?) 포함하여 견적한다."
        },
        "timestamp": "2024-12-08T14:27:48.747249"
      },
      "P1_8": {
        "identifier": "P1_8",
        "section_number": "unknown",
        "page_number": 0,
        "content": "시공오차를 최소로 관리하여야 하며 “수급사업자”의 귀책사유에 의한 구조적, 시공하자 문제 발생시 구조검토 및 보강 등에 따른 조치(비용 및 재시공)를 “수급사업자”의 부담으로 처리하여야 하며 미 이행, 지연의 경우에는 “원사업자”가 우 선 조치 후 해당금액을 정산시 감액 조치한다.",
        "analysis": {
          "asis_sentence": "시공 오차를 최소로 관리하여야 하며 “수급 사업자”의 귀책 사유에 의한 구조적, 시공 하자 문제 발생 시 구조 검토 및 보강 등에 따른 조치(비용 및 재시공)를 “수급 사업자”의 부담으로 처리하여야 하며 미 이행, 지연의 경우에는 “원 사업자”가 우선 조치 후 해당 금액을 정산 시 감액 조치한다.",
          "detection_flag": "Y",
          "comments": "수급사업자의 책임 없는 사유로 발생한 비용을 수급사업자에게 부담시키는 약정이 될 수 있음.",
          "tobe_sentence": "시공 오차를 최소로 관리하여야 하며 “수급 사업자”의 귀책 사유에 의한 구조적, 시공 하자 문제 발생 시 구조 검토 및 보강 등에 따른 조치(비용 및 재시공)를 “수급 사업자”의 부담으로 처리하여야 하며 미 이행, 지연의 경우에는 “원 사업자”가 우선 조치 후 해당 금액을 정산 시 감액 조치한다. (수급사업자의 귀책에 따른 경우에 한함)"
        },
        "timestamp": "2024-12-08T14:27:48.747249"
      },
      "P1_9": {
        "identifier": "P1_9",
        "section_number": "unknown",
        "page_number": 0,
        "content": "안전보건 관리",
        "analysis": {
          "asis_sentence": "“을” 은 안전관리비 집행실적을 월별 집계하여, 매월 25일 한“갑” 에게 제출 하며 “갑”은 해당 월 사용 분에 대해서만 제출 받는다. (단, 소급적용은 불인정 한다.)",
          "detection_flag": "Y",
          "comments": "수급사업자의 권리나 이익을 제한하는 약정",
          "tobe_sentence": "“을” 은 안전관리비 집행실적을 월별 집계하여, 매월 25일 한“갑” 에게 제출 하며 “갑”은 해당 월 사용 분을 확인하여 실적 정산하며, 당월 기성 청구 및 정산을 원칙으로 한다."
        },
        "timestamp": "2024-12-08T14:27:48.747249"
      },
      "P1_10": {
        "identifier": "P1_10",
        "section_number": "unknown",
        "page_number": 0,
        "content": "안전경영 일반사항",
        "analysis": {
          "asis_sentence": "5.5.2 건설업 산업안전보건관리비(이하 “안전관리비”라 한다) 집행 3) “을” 은 안전관리비 집행실적을 월별 집계하여, 매월 25일 한“갑” 에게 제출 하며 “갑”은 해당 월 사용 분에 대해서만 제출 받는다. (단, 소급적용은 불인정 한다.)",
          "detection_flag": "Y",
          "comments": "수급사업자의 권리나 이익을 제한하는 약정",
          "tobe_sentence": "5.5.2 건설업 산업안전보건관리비(이하 “안전관리비”라 한다) 집행 3) “을” 은 안전관리비 집행실적을 월별 집계하여, 매월 25일 한“갑” 에게 제출 하며 “갑”은 해당 월 사용 분을 확인하여 실적 정산하며, 당월 기성 청구 및 정산을 원칙으로 한다."
        },
        "timestamp": "2024-12-08T14:27:48.747249"
      },
      "P1_12": {
        "identifier": "P1_12",
        "section_number": "unknown",
        "page_number": 0,
        "content": "“수급사업자”는 근재보험을 가입하고 사업장에 고용된 근로자가 업무수행 중 불의의 재해를 입을 경우에 사용자 가 부담하여야 할 근로기준법, 산재보험법 및 선원법상의 법정제보상과 민법상 사용자가 추가부담하게 되는 법률 상의 배상책임손해를 보상하도록 한다.",
        "analysis": {
          "asis_sentence": "“수급사업자”는 근재 보험을 가입하고 사업장에 고용된 근로자가 업무 수행 중 불의의 재해를 입을 경우에 사용자가 부담하여야 할 근로 기준법, 산재 보험법 및 선원법상의 법정 제보상과 민법상 사용자가 추가 부담하게 되는 법률상의 배상 책임 손해를 보상하도록 한다.",
          "detection_flag": "Y",
          "comments": "원사업자가 부담하여야 할 부분을 수급사업자에게 전가하고 있는지 여부가 문제될 수 있음.",
          "tobe_sentence": "“수급사업자”는 근재 보험을 가입하고 사업장에 고용된 근로자가 업무 수행 중 불의의 재해를 입을 경우에 근로 기준법, 산재 보험법 및 선원법상의 법정 제보상과 민법상 법률상의 배상 책임 손해를 보상하도록 한다."
        },
        "timestamp": "2024-12-08T14:27:48.747249"
      },
      "P1_14": {
        "identifier": "P1_14",
        "section_number": "unknown",
        "page_number": 0,
        "content": "“수급사업자”의 대표 또는 임원은 월간 안전보건협의체회의에 월1회 이상 의무 참석해야 하며, 현장소장은 산업 안전보건법에 따른 산업안전보건위원회(법제19조)와 노사협의체 (법제29조)에 사용자측 위원으로서 반드시 참 석해야 한다.",
        "analysis": {
          "asis_sentence": "“수급사업자”의 대표 또는 임원은 월간 안전보건 협의체 회의에 월 1회 이상 의무 참석해야 하며, 현장 소장은 산업안전보건법에 따른 산업안전보건위원회(법 제19조)와 노사 협의체(법 제29조)에 사용자 측 위원으로서 반드시 참석해야 한다.",
          "detection_flag": "Y",
          "comments": "법적 적합성을 검토해야 하며, 수급사업자의 권리나 이익을 제한하는 약정일 수 있음.",
          "tobe_sentence": "“수급사업자”의 대표 또는 임원은 월간 안전보건 협의체 회의에 월 1회 참석할 수 있으며, 현장 소장은 산업안전보건법에 따른 산업안전보건위원회와 노사 협의체에 사용자 측 위원으로서 참석할 수 있다."
        },
        "timestamp": "2024-12-08T14:27:48.747249"
      }
    }
  },
  "20241208T144411806709": {
    "metadata": {
      "file_name": "test_6_7.pdf",
      "processed_at": "2024-12-08T14:44:11.806709",
      "total_sections": 8,
      "violation_count": 5,
      "vector_store": {
        "id": "store_huggingface_bge-m3_20241207_230911",
        "embedding_model": "BAAI/bge-m3",
        "model_type": "huggingface"
      }
    },
    "violations": {
      "P1_2": {
        "identifier": "P1_2",
        "section_number": "unknown",
        "page_number": 0,
        "content": "“수급사업자”는 착공 전 및 공정별 공사착수 전 상세공정계획을 검토 후 “원사업자”에게 사전 제출해야 한다. 공사 중\n“수급사업자”의 귀책 사유로 인한 공정지연 시에는 “원사업자”는 작업자, 장비 추가 및 돌관 작업을 지시할 수 있으며,\n“수급사업자”는 정당한 사유가 없는 한 이를 성실하게 수행하여 공정을 만회해야 한다.",
        "analysis": {
          "asis_sentence": "“수급사업자”는 착공 전 및 공정별 공사 착수 전 상세 공정 계획을 검토 후 “원사업자”에게 사전 제출해야 한다. 공사 중 “수급사업자”의 귀책 사유로 인한 공정 지연 시에는 “원사업자”는 작업자, 장비 추가 및 돌관 작업을 지시할 수 있으며, “수급사업자”는 정당한 사유가 없는 한 이를 성실하게 수행하여 공정을 만회해야 한다.",
          "detection_flag": "Y",
          "comments": "부당특약 의심문장으로, 수급사업자의 비귀책 사유에 대한 부분이 보완되어야 함.",
          "tobe_sentence": "“수급사업자”는 착공 전 및 공정별 공사 착수 전 상세 공정 계획을 검토 후 “원사업자”에게 사전 제출해야 한다. 공사 중 “수급사업자”의 귀책 사유로 인한 공정 지연 시에는 “원사업자”는 작업자, 장비 추가 및 돌관 작업을 지시할 수 있으며, “수급사업자”는 정당한 사유가 없는 한 이를 성실하게 수행하여 공정을 만회해야 한다. 단, 수급사업자의 비귀책 사유에 대한 부분은 단서 조항으로 보완해야 한다."
        },
        "timestamp": "2024-12-08T14:44:11.806709"
      },
      "P1_3": {
        "identifier": "P1_3",
        "section_number": "unknown",
        "page_number": 0,
        "content": "모든 인/허가 업무는 “원사업자”의 담당자와 협의하여 처리한다.",
        "analysis": {
          "asis_sentence": "모든 인허가 업무는 “원사업자”의 담당자와 협의하여 처리한다.",
          "detection_flag": "Y",
          "comments": "관련 법령에 따라 원사업자의 의무사항으로 되어 있는 인•허가, 환경관리 또는 품질관리 등과 관련하여 발생하는 비용을 수급사업자에게 부담시키는 약정",
          "tobe_sentence": "모든 인허가 업무는 “원사업자”의 담당자와 협의하여 처리하며, 이에 발생되는 모든 수수료 및 소요비용은 원사업자가 부담한다."
        },
        "timestamp": "2024-12-08T14:44:11.806709"
      },
      "P1_6": {
        "identifier": "P1_6",
        "section_number": "unknown",
        "page_number": 0,
        "content": "“수급사업자”는 작업 전 설계도면 및 현장 현황을 충분히 숙지하고 인접 기반시설 지장물을 확인하여 결과물을 “원사업\n자”에게 제출하며, 공사 중 수급사업자의 귀책사유로 인한 기반시설물에 피해가 발생 시 “수급사업자”의 비용으로 신\n속하게 조치 후 완료보고서를 “원사업자”에게 제출한다. (공사 전 유관기관 연락 및 입회하 작업 진행)",
        "analysis": {
          "asis_sentence": "“수급사업자”는 작업 전 설계 도면 및 현장 현황을 충분히 숙지하고 인접 기반 시설 지장물을 확인하여 결과물을 “원사업자”에게 제출하며, 공사 중 수급사업자의 귀책 사유로 인한 기반 시설물에 피해가 발생 시 “수급사업자”의 비용으로 신속하게 조치 후 완료 보고서를 “원사업자”에게 제출한다. (공사 전 유관 기관 연락 및 입회하 작업 진행)",
          "detection_flag": "Y",
          "comments": "해당 비용에 대해서 전가하기 위해서는 반드시 수급사업자의 귀책사유가 전제되어야 하며, 그렇지 않을 경우 추가비용을 협의하여 결정하여야 함.",
          "tobe_sentence": "“수급사업자”는 작업 전 설계도면 및 현장현황을 충분히 숙지하고 인접 기반시설 지장물(가공전선, 통신선 및 지중관로)을 확인하여 “을 수급사업자”의 귀책사유로 인하여 기반시설물에 피해가 발생 시 “을 수급사업자”의 비용으로 신속하게 조치 후 완료보고서를 “갑원사업자”에게 제출한다. (공사 전 유관기관 연락 및 입회하 작업 진행)"
        },
        "timestamp": "2024-12-08T14:44:11.806709"
      },
      "P1_7": {
        "identifier": "P1_7",
        "section_number": "unknown",
        "page_number": 0,
        "content": "“수급사업자”의 모든 시공 부위의 실측, 시공Shop DWG 작성 및 제출 비용을 포함하여 견적한다.",
        "analysis": {
          "asis_sentence": "“수급사업자”의 모든 시공 부위의 실측, 시공 Shop DWG 작성 및 제출 비용을 포함하여 견적한다.",
          "detection_flag": "Y",
          "comments": "원사업자가 입찰내역에 없는 사항을 요구함에 따라 발생된 비용을 수급사업자에게 부담시키는 약정",
          "tobe_sentence": "“수급사업자”의 모든 시공 부위의 실측, 시공 Shop DWG 작성 및 제출 비용을 (어느내역에?) 포함하여 견적한다."
        },
        "timestamp": "2024-12-08T14:44:11.806709"
      },
      "P1_8": {
        "identifier": "P1_8",
        "section_number": "unknown",
        "page_number": 0,
        "content": "시공오차를 최소로 관리하여야 하며 “수급사업자”의 귀책사유에 의한 구조적, 시공하자 문제 발생시 구조검토 및 보강\n등에 따른 조치(비용 및 재시공)를 “수급사업자”의 부담으로 처리하여야 하며 미 이행, 지연의 경우에는 “원사업자”가 우\n선 조치 후 해당금액을 정산시 감액 조치한다.",
        "analysis": {
          "asis_sentence": "시공 오차를 최소로 관리하여야 하며 “수급 사업자”의 귀책 사유에 의한 구조적, 시공 하자 문제 발생 시 구조 검토 및 보강 등에 따른 조치(비용 및 재시공)를 “수급 사업자”의 부담으로 처리하여야 하며 미 이행, 지연의 경우에는 “원 사업자”가 우선 조치 후 해당 금액을 정산 시 감액 조치한다.",
          "detection_flag": "Y",
          "comments": "수급사업자의 책임 없는 사유로 발생한 비용을 수급사업자에게 부담시키는 약정이 될 수 있음.",
          "tobe_sentence": "수급사업자의 귀책에 따른 구조적, 시공 하자 문제 발생 시 구조 검토 및 보강 등에 따른 조치(비용 및 재시공)를 수급사업자의 부담으로 처리하여야 하며 미 이행, 지연의 경우에는 원사업자가 우선 조치 후 해당 금액을 정산 시 감액 조치한다."
        },
        "timestamp": "2024-12-08T14:44:11.806709"
      }
    }
  }
}